{
  "properties": {
    "connectionReferences": {
      "shared_odata": {
        "runtimeSource": "embedded",
        "connection": {
          "connectionReferenceLogicalName": "nd_odataconnectorinflow"
        },
        "api": {
          "name": "shared_odata"
        }
      }
    },
    "definition": {
      "$schema": "https://schema.management.azure.com/providers/Microsoft.Logic/schemas/2016-06-01/workflowdefinition.json#",
      "contentVersion": "1.0.0.0",
      "parameters": {
        "$connections": {
          "defaultValue": {},
          "type": "Object"
        },
        "$authentication": {
          "defaultValue": {},
          "type": "SecureObject"
        }
      },
      "triggers": {
        "manual": {
          "metadata": {
            "operationMetadataId": "9ab1802a-3cf6-4858-8679-49fe7ccbc422"
          },
          "type": "Request",
          "kind": "VirtualAgent",
          "inputs": {
            "schema": {
              "type": "object",
              "properties": {
                "text": {
                  "title": "ProductIDInput",
                  "type": "string",
                  "x-ms-dynamically-added": true,
                  "description": "HT-1251",
                  "x-ms-content-hint": "TEXT"
                }
              },
              "required": [
                "text"
              ]
            }
          }
        }
      },
      "actions": {
        "Read_OData_entity": {
          "runAfter": {
            "Initialize_variable": [
              "Succeeded"
            ]
          },
          "metadata": {
            "operationMetadataId": "fbe30569-a034-436f-8535-f734cafff874"
          },
          "type": "OpenApiConnection",
          "inputs": {
            "host": {
              "connectionName": "shared_odata",
              "operationId": "GetEntry",
              "apiId": "/providers/Microsoft.PowerApps/apis/shared_odata"
            },
            "parameters": {
              "odataUri": "https://sapes5.sapdevcenter.com/sap/opu/odata/iwbep/GWSAMPLE_BASIC/",
              "entity": "ProductSet",
              "entryInput/ProductID": "@triggerBody()['text']"
            },
            "authentication": "@parameters('$authentication')"
          }
        },
        "Return_value(s)_to_Power_Virtual_Agents": {
          "runAfter": {
            "Compose": [
              "Succeeded"
            ]
          },
          "metadata": {
            "operationMetadataId": "3e033be6-f0b2-4cc6-874c-32d389af3887"
          },
          "type": "Response",
          "kind": "VirtualAgent",
          "inputs": {
            "statusCode": 200,
            "body": {
              "proddetailsoutput": "@{outputs('Compose')}"
            },
            "schema": {
              "type": "object",
              "properties": {
                "proddetailsoutput": {
                  "title": "ProdDetailsOutput",
                  "x-ms-dynamically-added": true,
                  "type": "string"
                }
              }
            }
          }
        },
        "Compose": {
          "runAfter": {
            "Append_to_string_variable": [
              "Succeeded"
            ]
          },
          "metadata": {
            "operationMetadataId": "2b562381-8086-482c-b553-87a6f10dbbbe"
          },
          "type": "Compose",
          "inputs": "\n@{variables('ProdDeets')}"
        },
        "Initialize_variable": {
          "runAfter": {},
          "metadata": {
            "operationMetadataId": "2cf8e647-7229-4bf9-9774-26f03187955a"
          },
          "type": "InitializeVariable",
          "inputs": {
            "variables": [
              {
                "name": "ProdDeets",
                "type": "string"
              }
            ]
          }
        },
        "Append_to_string_variable": {
          "runAfter": {
            "Read_OData_entity": [
              "Succeeded"
            ]
          },
          "metadata": {
            "operationMetadataId": "75b6d9ef-745a-4bb9-89b0-175c00eaa27a"
          },
          "type": "AppendToStringVariable",
          "inputs": {
            "name": "ProdDeets",
            "value": "Product Name: @{outputs('Read_OData_entity')?['body/Name']}\n\nProduct Price: @{outputs('Read_OData_entity')?['body/Price']}\n\nMeasure Unit: @{outputs('Read_OData_entity')?['body/MeasureUnit']}"
          }
        }
      }
    }
  },
  "schemaVersion": "1.0.0.0"
}