<bot_botcomponentset>
  <bot_botcomponent botcomponentid.schemaname="new_customtype_37938c336df4464099cb6e30456cb9ae_92610204747047ac8f788f7eecd91118" botid.schemaname="new_bot_37938c336df4464099cb6e30456cb9ae">
    <iscustomizable>1</iscustomizable>
  </bot_botcomponent>
  <bot_botcomponent botcomponentid.schemaname="new_customtype_37938c336df4464099cb6e30456cb9ae_f86fcadfd497444e91ed11c12b059d10" botid.schemaname="new_bot_37938c336df4464099cb6e30456cb9ae">
    <iscustomizable>1</iscustomizable>
  </bot_botcomponent>
  <bot_botcomponent botcomponentid.schemaname="new_topic_0cba6386bc88429b82b9dcf773e92e0a" botid.schemaname="new_bot_37938c336df4464099cb6e30456cb9ae">
    <iscustomizable>1</iscustomizable>
  </bot_botcomponent>
  <bot_botcomponent botcomponentid.schemaname="new_topic_37938c336df4464099cb6e30456cb9ae_21a34f1673a24096a99ba0effb63cc1d" botid.schemaname="new_bot_37938c336df4464099cb6e30456cb9ae">
    <iscustomizable>1</iscustomizable>
  </bot_botcomponent>
  <bot_botcomponent botcomponentid.schemaname="new_topic_37938c336df4464099cb6e30456cb9ae_33d5123770ba4daeafae51b361ddc80a" botid.schemaname="new_bot_37938c336df4464099cb6e30456cb9ae">
    <iscustomizable>1</iscustomizable>
  </bot_botcomponent>
  <bot_botcomponent botcomponentid.schemaname="new_topic_37938c336df4464099cb6e30456cb9ae_3d2584ec30914684839527e05e7be172_thankyou" botid.schemaname="new_bot_37938c336df4464099cb6e30456cb9ae">
    <iscustomizable>1</iscustomizable>
  </bot_botcomponent>
  <bot_botcomponent botcomponentid.schemaname="new_topic_37938c336df4464099cb6e30456cb9ae_85df75ce08a44a9b82cc8f3fdb25f669" botid.schemaname="new_bot_37938c336df4464099cb6e30456cb9ae">
    <iscustomizable>1</iscustomizable>
  </bot_botcomponent>
  <bot_botcomponent botcomponentid.schemaname="new_topic_37938c336df4464099cb6e30456cb9ae_8a4964498f83424bb3a86295bf7d0952_startover" botid.schemaname="new_bot_37938c336df4464099cb6e30456cb9ae">
    <iscustomizable>1</iscustomizable>
  </bot_botcomponent>
  <bot_botcomponent botcomponentid.schemaname="new_topic_37938c336df4464099cb6e30456cb9ae_954135cafcd647eaae5999ad91fc08cf_talktoagent" botid.schemaname="new_bot_37938c336df4464099cb6e30456cb9ae">
    <iscustomizable>1</iscustomizable>
  </bot_botcomponent>
  <bot_botcomponent botcomponentid.schemaname="new_topic_37938c336df4464099cb6e30456cb9ae_aeabea4d071f415c8c107e1cb7af5424_assumedsuccess" botid.schemaname="new_bot_37938c336df4464099cb6e30456cb9ae">
    <iscustomizable>1</iscustomizable>
  </bot_botcomponent>
  <bot_botcomponent botcomponentid.schemaname="new_topic_37938c336df4464099cb6e30456cb9ae_ba7b967c97ba4c39bca58a8bb6a72d59_conversationstart" botid.schemaname="new_bot_37938c336df4464099cb6e30456cb9ae">
    <iscustomizable>1</iscustomizable>
  </bot_botcomponent>
  <bot_botcomponent botcomponentid.schemaname="new_topic_37938c336df4464099cb6e30456cb9ae_d2198a5ee41a48a5bf70ab8970145a9f_confirmedfailure" botid.schemaname="new_bot_37938c336df4464099cb6e30456cb9ae">
    <iscustomizable>1</iscustomizable>
  </bot_botcomponent>
  <bot_botcomponent botcomponentid.schemaname="new_topic_37938c336df4464099cb6e30456cb9ae_db1f76b081dc43389df9dd2df7518737_confirmedsuccess" botid.schemaname="new_bot_37938c336df4464099cb6e30456cb9ae">
    <iscustomizable>1</iscustomizable>
  </bot_botcomponent>
  <bot_botcomponent botcomponentid.schemaname="new_topic_37938c336df4464099cb6e30456cb9ae_dbafebd526364487911b63a2a774389f" botid.schemaname="new_bot_37938c336df4464099cb6e30456cb9ae">
    <iscustomizable>1</iscustomizable>
  </bot_botcomponent>
  <bot_botcomponent botcomponentid.schemaname="new_topic_37938c336df4464099cb6e30456cb9ae_f56d1a3e522740c78f9fac0939332dbd_goodbye" botid.schemaname="new_bot_37938c336df4464099cb6e30456cb9ae">
    <iscustomizable>1</iscustomizable>
  </bot_botcomponent>
</bot_botcomponentset>