<ImportExportXml xmlns:xsi="http://www.w3.org/2001/XMLSchema-instance">
  <Entities></Entities>
  <Roles></Roles>
  <Workflows>
    <Workflow WorkflowId="{618603f6-99a3-ec11-b3fe-0022480b7e1b}" Name="SAP Create Sales Order" Description="Create one or more actions to happen when a button or link in Power Apps is selected. To use this flow from a Power App, select the control you want to trigger the flow and go to the Action tab in the Power Apps ribbon and select Flows.">
      <JsonFileName>/Workflows/SAPCreateSalesOrder-618603F6-99A3-EC11-B3FE-0022480B7E1B.json</JsonFileName>
      <Type>1</Type>
      <Subprocess>0</Subprocess>
      <Category>5</Category>
      <Mode>0</Mode>
      <Scope>4</Scope>
      <OnDemand>0</OnDemand>
      <TriggerOnCreate>0</TriggerOnCreate>
      <TriggerOnDelete>0</TriggerOnDelete>
      <AsyncAutodelete>0</AsyncAutodelete>
      <SyncWorkflowLogOnFailure>0</SyncWorkflowLogOnFailure>
      <StateCode>1</StateCode>
      <StatusCode>2</StatusCode>
      <RunAs>1</RunAs>
      <IsTransacted>1</IsTransacted>
      <IntroducedVersion>1.0.0.0</IntroducedVersion>
      <IsCustomizable>1</IsCustomizable>
      <IsCustomProcessingStepAllowedForOtherPublishers>1</IsCustomProcessingStepAllowedForOtherPublishers>
      <PrimaryEntity>none</PrimaryEntity>
      <LocalizedNames>
        <LocalizedName languagecode="1033" description="SAP Create Sales Order" />
      </LocalizedNames>
      <Descriptions>
        <Description languagecode="1033" description="Create one or more actions to happen when a button or link in Power Apps is selected. To use this flow from a Power App, select the control you want to trigger the flow and go to the Action tab in the Power Apps ribbon and select Flows." />
      </Descriptions>
    </Workflow>
  </Workflows>
  <FieldSecurityProfiles></FieldSecurityProfiles>
  <Templates />
  <EntityMaps />
  <EntityRelationships />
  <OrganizationSettings />
  <optionsets />
  <CustomControls />
  <EntityDataProviders />
  <CanvasApps>
    <CanvasApp>
      <Name>nd_sapproductssalesorderapp_775aa</Name>
      <AppVersion>2022-04-19T18:38:11Z</AppVersion>
      <Status>Ready</Status>
      <CreatedByClientVersion>3.22041.27.0</CreatedByClientVersion>
      <MinClientVersion>3.22041.27.0</MinClientVersion>
      <Tags>{"primaryDeviceWidth":"1366","primaryDeviceHeight":"768","sienaVersion":"20220405T161830Z-3.22022.31.0","deviceCapabilities":"","supportsPortrait":"false","supportsLandscape":"true","primaryFormFactor":"Tablet","publisherVersion":"3.22041.27","minimumRequiredApiVersion":"2.2.0","hasComponent":"true","hasUnlockedComponent":"true","isUnifiedRootApp":"false"}</Tags>
      <IsCdsUpgraded>0</IsCdsUpgraded>
      <GalleryItemId xsi:nil="true"></GalleryItemId>
      <BackgroundColor>rgba(0, 134, 208, 1)</BackgroundColor>
      <DisplayName>SAP Products Sales Order App</DisplayName>
      <Description xsi:nil="true"></Description>
      <CommitMessage>Update User's profile job role</CommitMessage>
      <Publisher></Publisher>
      <AuthorizationReferences>[]</AuthorizationReferences>
      <ConnectionReferences>{"7dd48160-df1b-4584-8d18-a37c55003e8b":{"id":"/providers/microsoft.powerapps/apis/shared_nd-5fsap-2dodata-2ddemo-5ffbcd109b4bf5731d","displayName":"SAP-ODATA-Demo","iconUri":"https://az787822.vo.msecnd.net/defaulticons/api-dedicated.png","dataSources":["SAPODATA[Sample]Connector"],"dependencies":[],"dependents":[],"parameterHints":{},"parameterHintsV2":{},"isOnPremiseConnection":false,"bypassConsent":false,"dataSets":{},"apiTier":"Standard","actions":["ListBusinessPartner","ListProductSets","ListSalesOrders"],"customApiLogicalName":"nd_sap-2dodata-2ddemo","isCustomApiSolutionAware":true},"06542cf4-d606-4633-9ba7-1a1c57d1313c":{"id":"/providers/microsoft.powerapps/apis/shared_logicflows","displayName":"Logic flows","iconUri":"https://connectoricons-prod.azureedge.net/releases/v1.0.1534/1.0.1534.2605/logicflows/icon.png","dataSources":["SAPCreateSalesOrder"],"dependencies":["5a88957d-db04-4822-b2d7-fb20ab35f761"],"dependents":[],"parameterHints":{"workflowName":{"value":"c218e7ad-cb7d-4477-aabd-c45cd0242f80"},"workflowEntityId":{"value":"618603f6-99a3-ec11-b3fe-0022480b7e1b"},"5a88957d-db04-4822-b2d7-fb20ab35f761":{"value":"shared_odata"}},"parameterHintsV2":{"workflowName":{"value":"c218e7ad-cb7d-4477-aabd-c45cd0242f80"},"workflowEntityId":{"value":"618603f6-99a3-ec11-b3fe-0022480b7e1b"},"shared_odata":{"value":"5a88957d-db04-4822-b2d7-fb20ab35f761"}},"isOnPremiseConnection":false,"bypassConsent":false,"dataSets":{},"apiTier":"Standard","actions":["Run"],"isCustomApiSolutionAware":false},"5a88957d-db04-4822-b2d7-fb20ab35f761":{"id":"/providers/microsoft.powerapps/apis/shared_odata","displayName":"OData","iconUri":"https://connectoricons-prod.azureedge.net/releases/v1.0.1567/1.0.1567.2748/odata/icon.png","dataSources":[],"dependencies":[],"dependents":["06542cf4-d606-4633-9ba7-1a1c57d1313c"],"parameterHints":{},"parameterHintsV2":{},"isOnPremiseConnection":false,"bypassConsent":false,"dataSets":{},"apiTier":"Premium","isCustomApiSolutionAware":false,"authenticationType":"Basic"}}</ConnectionReferences>
      <DatabaseReferences>{"default.cds":{"databaseDetails":{"referenceType":"Environmental","environmentName":"default.cds","overrideValues":{"status":"NotSpecified"}},"dataSources":{"Users":{"entitySetName":"systemusers","logicalName":"systemuser"}}}}</DatabaseReferences>
      <AppComponents>[]</AppComponents>
      <AppComponentDependencies>[]</AppComponentDependencies>
      <CanvasAppType>0</CanvasAppType>
      <BypassConsent>0</BypassConsent>
      <AdminControlBypassConsent>0</AdminControlBypassConsent>
      <EmbeddedApp xsi:nil="true"></EmbeddedApp>
      <IntroducedVersion>1.0</IntroducedVersion>
      <CdsDependencies>{"cdsdependencies":[{"logicalname":"nd_sap-2dodata-2ddemo","componenttype":372,"componenttypeplatformname":"connector"},{"logicalname":"systemuser","componenttype":1}]}</CdsDependencies>
      <IsCustomizable>1</IsCustomizable>
      <BackgroundImageUri>/CanvasApps/nd_sapproductssalesorderapp_775aa_BackgroundImageUri</BackgroundImageUri>
      <DocumentUri>/CanvasApps/nd_sapproductssalesorderapp_775aa_DocumentUri.msapp</DocumentUri>
    </CanvasApp>
  </CanvasApps>
  <Connectors>
    <Connector>
      <connectorid>ec43de36-731f-431c-8d7e-555cb1ea7c68</connectorid>
      <description>SAP ODATA Demo using a custom connector.  This connects to the sample ODATA service provided by SAP. This connector is provided as a sample as-is, for illustrative purpose only.</description>
      <displayname>SAP-ODATA-Demo</displayname>
      <iconbrandcolor>#007ee5</iconbrandcolor>
      <name>nd_sap-2dodata-2ddemo</name>
      <connectortype>1</connectortype>
      <openapidefinition>/Connector/nd_sap-2dodata-2ddemo_openapidefinition.json</openapidefinition>
      <connectionparameters>/Connector/nd_sap-2dodata-2ddemo_connectionparameters.json</connectionparameters>
      <policytemplateinstances>/Connector/nd_sap-2dodata-2ddemo_policytemplateinstances.json</policytemplateinstances>
      <iconblob>/Connector/nd_sap-2dodata-2ddemo_iconblob.Png</iconblob>
    </Connector>
  </Connectors>
  <connectionreferences>
    <connectionreference connectionreferencelogicalname="nd_odataconnectorinflow">
      <connectionreferencedisplayname>OData Connector - SAP Demo</connectionreferencedisplayname>
      <connectorid>/providers/Microsoft.PowerApps/apis/shared_odata</connectorid>
      <description>OData Connector in Flow to query data from SAP Demo System</description>
      <iscustomizable>1</iscustomizable>
      <statecode>0</statecode>
      <statuscode>1</statuscode>
    </connectionreference>
  </connectionreferences>
  <Languages>
    <Language>1033</Language>
  </Languages>
</ImportExportXml>