{
  "properties": {
    "connectionReferences": {
      "shared_odata": {
        "runtimeSource": "invoker",
        "connection": {
          "connectionReferenceLogicalName": "nd_odataconnectorinflow"
        },
        "api": {
          "name": "shared_odata"
        }
      }
    },
    "definition": {
      "$schema": "https://schema.management.azure.com/providers/Microsoft.Logic/schemas/2016-06-01/workflowdefinition.json#",
      "contentVersion": "1.0.0.0",
      "parameters": {
        "$connections": {
          "defaultValue": {},
          "type": "Object"
        },
        "$authentication": {
          "defaultValue": {},
          "type": "SecureObject"
        }
      },
      "triggers": {
        "manual": {
          "metadata": {
            "operationMetadataId": "d119b33a-c778-4cbf-8c22-d9940680eb62"
          },
          "type": "Request",
          "kind": "PowerAppV2",
          "inputs": {
            "schema": {
              "type": "object",
              "properties": {
                "text": {
                  "title": "NewSalesOrderInput",
                  "type": "string",
                  "x-ms-dynamically-added": true,
                  "description": "Please enter your New SalesOrder Input JSON",
                  "x-ms-content-hint": "TEXT"
                }
              },
              "required": [
                "text"
              ]
            }
          }
        }
      },
      "actions": {
        "Parse_JSON": {
          "runAfter": {},
          "metadata": {
            "operationMetadataId": "86b5e99b-2673-42c8-847c-87e50bdf7dc0"
          },
          "type": "ParseJson",
          "inputs": {
            "content": "@triggerBody()['text']",
            "schema": {
              "type": "object",
              "properties": {
                "CurrencyCode": {
                  "type": "string"
                },
                "CustomerID": {
                  "type": "string"
                },
                "DeliveryDate": {
                  "type": "string"
                },
                "SalesOrderID": {
                  "type": "string"
                },
                "SalesOrderNote": {
                  "type": "string"
                },
                "_SalesOrderLineItems": {
                  "type": "array",
                  "items": {
                    "type": "object",
                    "properties": {
                      "ProductID": {
                        "type": "string"
                      },
                      "Quantity": {
                        "type": "integer"
                      }
                    },
                    "required": [
                      "ProductID",
                      "Quantity"
                    ]
                  }
                }
              }
            }
          }
        },
        "Create_OData_entity_-_SalesOrderSet": {
          "runAfter": {
            "Parse_JSON": [
              "Succeeded"
            ]
          },
          "metadata": {
            "operationMetadataId": "0ed41fbc-d972-41a9-82f9-acafdbc34c9e"
          },
          "type": "OpenApiConnection",
          "inputs": {
            "host": {
              "connectionName": "shared_odata",
              "operationId": "CreateEntry",
              "apiId": "/providers/Microsoft.PowerApps/apis/shared_odata"
            },
            "parameters": {
              "odataUri": "https://sapes5.sapdevcenter.com/sap/opu/odata/iwbep/GWSAMPLE_BASIC/",
              "entity": "SalesOrderSet",
              "entryInput/SalesOrderID": "@body('Parse_JSON')?['SalesOrderID']",
              "entryInput/Note": "@body('Parse_JSON')?['SalesOrderNote']",
              "entryInput/CustomerID": "@body('Parse_JSON')?['CustomerID']",
              "entryInput/CurrencyCode": "@body('Parse_JSON')?['CurrencyCode']"
            },
            "authentication": "@parameters('$authentication')"
          }
        },
        "Apply_to_each": {
          "foreach": "@body('Parse_JSON')?['_SalesOrderLineItems']",
          "actions": {
            "Create_OData_entity_-_SalesOrderLineItemSet": {
              "runAfter": {},
              "metadata": {
                "operationMetadataId": "70795dae-ba46-4f3d-8f76-a7cf1cc9aa62"
              },
              "type": "OpenApiConnection",
              "inputs": {
                "host": {
                  "connectionName": "shared_odata",
                  "operationId": "CreateEntry",
                  "apiId": "/providers/Microsoft.PowerApps/apis/shared_odata"
                },
                "parameters": {
                  "odataUri": "https://sapes5.sapdevcenter.com/sap/opu/odata/iwbep/GWSAMPLE_BASIC/",
                  "entity": "SalesOrderLineItemSet",
                  "entryInput/SalesOrderID": "@outputs('Create_OData_entity_-_SalesOrderSet')?['body/SalesOrderID']",
                  "entryInput/ItemPosition": "00000000@{variables('i')}",
                  "entryInput/ProductID": "@items('Apply_to_each')?['ProductID']",
                  "entryInput/DeliveryDate": "@formatDateTime(body('Parse_JSON')?['DeliveryDate'])",
                  "entryInput/Quantity": "@items('Apply_to_each')?['Quantity']"
                },
                "authentication": "@parameters('$authentication')"
              }
            },
            "Increment_variable": {
              "runAfter": {
                "Create_OData_entity_-_SalesOrderLineItemSet": [
                  "Succeeded"
                ]
              },
              "metadata": {
                "operationMetadataId": "8b274095-5cac-496b-b2e9-45793beaeb8f"
              },
              "type": "IncrementVariable",
              "inputs": {
                "name": "i",
                "value": 1
              }
            }
          },
          "runAfter": {
            "Initialize_variable": [
              "Succeeded"
            ]
          },
          "metadata": {
            "operationMetadataId": "d0b4e689-2460-45ef-91fe-dc226a10f293"
          },
          "type": "Foreach",
          "runtimeConfiguration": {
            "concurrency": {
              "repetitions": 1
            }
          }
        },
        "Initialize_variable": {
          "runAfter": {
            "Create_OData_entity_-_SalesOrderSet": [
              "Succeeded"
            ]
          },
          "metadata": {
            "operationMetadataId": "5b8c5a34-9134-4fa1-8497-6cb58342847a"
          },
          "type": "InitializeVariable",
          "inputs": {
            "variables": [
              {
                "name": "i",
                "type": "integer",
                "value": 1
              }
            ]
          }
        },
        "Read_OData_entity": {
          "runAfter": {
            "Apply_to_each": [
              "Succeeded"
            ]
          },
          "metadata": {
            "operationMetadataId": "cfc168ca-622c-433b-8973-f5b972c0b11e"
          },
          "type": "OpenApiConnection",
          "inputs": {
            "host": {
              "connectionName": "shared_odata",
              "operationId": "GetEntry",
              "apiId": "/providers/Microsoft.PowerApps/apis/shared_odata"
            },
            "parameters": {
              "odataUri": "https://sapes5.sapdevcenter.com/sap/opu/odata/iwbep/GWSAMPLE_BASIC/",
              "entity": "SalesOrderSet",
              "entryInput/SalesOrderID": "@outputs('Create_OData_entity_-_SalesOrderSet')?['body/SalesOrderID']"
            },
            "authentication": "@parameters('$authentication')"
          }
        },
        "Response": {
          "runAfter": {
            "Read_OData_entity": [
              "Succeeded"
            ]
          },
          "metadata": {
            "operationMetadataId": "2bc3c565-1f40-41a7-a35e-258fcebacb56"
          },
          "type": "Response",
          "kind": "Http",
          "inputs": {
            "statusCode": 200,
            "body": "@outputs('Read_OData_entity')?['body']",
            "schema": {
              "type": "object",
              "properties": {
                "SalesOrderID": {
                  "type": "string"
                },
                "Note": {
                  "type": "string"
                },
                "NoteLanguage": {
                  "type": "string"
                },
                "CustomerID": {
                  "type": "string"
                },
                "CustomerName": {
                  "type": "string"
                },
                "CurrencyCode": {
                  "type": "string"
                },
                "GrossAmount": {
                  "type": "number"
                },
                "NetAmount": {
                  "type": "integer"
                },
                "TaxAmount": {
                  "type": "number"
                },
                "LifecycleStatus": {
                  "type": "string"
                },
                "LifecycleStatusDescription": {
                  "type": "string"
                },
                "BillingStatus": {
                  "type": "string"
                },
                "BillingStatusDescription": {
                  "type": "string"
                },
                "DeliveryStatus": {
                  "type": "string"
                },
                "DeliveryStatusDescription": {
                  "type": "string"
                },
                "CreatedAt": {
                  "type": "string"
                },
                "ChangedAt": {
                  "type": "string"
                }
              }
            }
          }
        }
      },
      "outputs": {}
    },
    "templateName": null
  },
  "schemaVersion": "1.0.0.0"
}